{
  "accuracy": [
    0.5161799788475037,
    0.6864799857139587,
    0.7508000135421753,
    0.7924799919128418,
    0.8306599855422974,
    0.8573200106620789
  ],
  "loss": [
    1.3431559801101685,
    0.8960425853729248,
    0.7165243029594421,
    0.5932763814926147,
    0.4832371771335602,
    0.3996937572956085
  ],
  "val_accuracy": [
    0.5360999703407288,
    0.6521000266075134,
    0.6625999808311462,
    0.6836000084877014,
    0.6632000207901001,
    0.6654000282287598
  ],
  "val_loss": [
    1.3234171867370605,
    1.0168342590332031,
    1.0156248807907104,
    0.9610508680343628,
    1.1085805892944336,
    1.2047224044799805
  ]
}