{
  "accuracy": [
    0.5071200132369995,
    0.6810200214385986,
    0.7447199821472168,
    0.7917600274085999,
    0.830780029296875,
    0.8676999807357788
  ],
  "loss": [
    1.3680256605148315,
    0.9138571619987488,
    0.7287288904190063,
    0.5935840010643005,
    0.48123225569725037,
    0.37790074944496155
  ],
  "val_accuracy": [
    0.5986999869346619,
    0.6970000267028809,
    0.7110000252723694,
    0.7204999923706055,
    0.7340999841690063,
    0.7247999906539917
  ],
  "val_loss": [
    1.1249197721481323,
    0.8728660941123962,
    0.8653749823570251,
    0.8459405303001404,
    0.8690620064735413,
    1.0039591789245605
  ]
}