{
  "accuracy": [
    0.5071200132369995,
    0.6810200214385986,
    0.7447199821472168,
    0.7917600274085999,
    0.830780029296875,
    0.8676999807357788
  ],
  "loss": [
    1.3680256605148315,
    0.9138571619987488,
    0.7287288904190063,
    0.5935840010643005,
    0.48123225569725037,
    0.37790074944496155
  ],
  "val_accuracy": [
    0.5546000003814697,
    0.6104000210762024,
    0.6377999782562256,
    0.6419000029563904,
    0.6717000007629395,
    0.6484000086784363
  ],
  "val_loss": [
    1.2801449298858643,
    1.138205647468567,
    1.0758692026138306,
    1.0960043668746948,
    1.0885908603668213,
    1.277018427848816
  ]
}