{
  "accuracy": [
    0.5219799876213074,
    0.6877999901771545,
    0.749180018901825,
    0.7903199791908264,
    0.8259000182151794,
    0.8568199872970581
  ],
  "loss": [
    1.3255059719085693,
    0.8905032277107239,
    0.7147616147994995,
    0.598243236541748,
    0.4900676906108856,
    0.4021565318107605
  ],
  "val_accuracy": [
    0.6550999879837036,
    0.7077000141143799,
    0.7239000201225281,
    0.7409999966621399,
    0.7378000020980835,
    0.7439000010490417
  ],
  "val_loss": [
    0.9795053601264954,
    0.8388332724571228,
    0.796101450920105,
    0.782768964767456,
    0.8254215121269226,
    0.8732168078422546
  ]
}