{
  "accuracy": [
    0.5219799876213074,
    0.6877999901771545,
    0.749180018901825,
    0.7903199791908264,
    0.8259000182151794,
    0.8568199872970581
  ],
  "loss": [
    1.3255059719085693,
    0.8905032277107239,
    0.7147616147994995,
    0.598243236541748,
    0.4900676906108856,
    0.4021565318107605
  ],
  "val_accuracy": [
    0.598800003528595,
    0.6474999785423279,
    0.661899983882904,
    0.6944000124931335,
    0.675000011920929,
    0.6844000220298767
  ],
  "val_loss": [
    1.1549994945526123,
    1.0065715312957764,
    0.9853436350822449,
    0.9353439211845398,
    1.047081470489502,
    1.0854099988937378
  ]
}