{
  "accuracy": [
    0.5161799788475037,
    0.6864799857139587,
    0.7508000135421753,
    0.7924799919128418,
    0.8306599855422974,
    0.8573200106620789
  ],
  "loss": [
    1.3431559801101685,
    0.8960425853729248,
    0.7165243029594421,
    0.5932763814926147,
    0.4832371771335602,
    0.3996937572956085
  ],
  "val_accuracy": [
    0.628600001335144,
    0.7059999704360962,
    0.7179999947547913,
    0.7401999831199646,
    0.7360000014305115,
    0.7373999953269958
  ],
  "val_loss": [
    1.0432673692703247,
    0.8506540060043335,
    0.8301296830177307,
    0.7832553386688232,
    0.859978437423706,
    0.9147365093231201
  ]
}