{
  "accuracy": [
    0.47766000032424927,
    0.6520400047302246,
    0.7117599844932556,
    0.745419979095459,
    0.7722600102424622,
    0.7930999994277954
  ],
  "loss": [
    1.4663844108581543,
    0.997713029384613,
    0.8305796384811401,
    0.7308710217475891,
    0.6564669013023376,
    0.6002193689346313
  ],
  "val_accuracy": [
    0.2395000010728836,
    0.27390000224113464,
    0.2651999890804291,
    0.29280000925064087,
    0.2842999994754791,
    0.28200000524520874
  ],
  "val_loss": [
    2.4240307807922363,
    2.49727725982666,
    2.7130486965179443,
    2.614168405532837,
    2.765920400619507,
    2.908281087875366
  ]
}