{
  "accuracy": [
    0.4789400100708008,
    0.6620000004768372,
    0.7244200110435486,
    0.7673799991607666,
    0.8067799806594849,
    0.8378199934959412
  ],
  "loss": [
    1.4645001888275146,
    0.9702876806259155,
    0.7959176301956177,
    0.668912947177887,
    0.558379590511322,
    0.46571481227874756
  ],
  "val_accuracy": [
    0.6098999977111816,
    0.6862999796867371,
    0.6924999952316284,
    0.6995000243186951,
    0.708899974822998,
    0.7145000100135803
  ],
  "val_loss": [
    1.1105271577835083,
    0.9178141355514526,
    0.9184428453445435,
    0.9065806865692139,
    0.945340633392334,
    0.9942310452461243
  ]
}