{
  "accuracy": [
    0.4880000054836273,
    0.666100025177002,
    0.7281000018119812,
    0.7730399966239929,
    0.8080000281333923,
    0.8395799994468689
  ],
  "loss": [
    1.443034052848816,
    0.960740327835083,
    0.784148097038269,
    0.6582247018814087,
    0.550064206123352,
    0.4565768837928772
  ],
  "val_accuracy": [
    0.59579998254776,
    0.6638000011444092,
    0.7113999724388123,
    0.707099974155426,
    0.7188000082969666,
    0.7161999940872192
  ],
  "val_loss": [
    1.142014741897583,
    0.9696600437164307,
    0.8674039244651794,
    0.8808552622795105,
    0.9007993340492249,
    0.9667755961418152
  ]
}