{
  "accuracy": [
    0.47369998693466187,
    0.6569399833679199,
    0.7140200138092041,
    0.7438399791717529,
    0.7686799764633179,
    0.7899600267410278
  ],
  "loss": [
    1.47785222530365,
    0.9876990914344788,
    0.8268679976463318,
    0.7361084222793579,
    0.6691079139709473,
    0.6063348054885864
  ],
  "val_accuracy": [
    0.6302000284194946,
    0.6902999877929688,
    0.7013999819755554,
    0.7105000019073486,
    0.7125999927520752,
    0.7383999824523926
  ],
  "val_loss": [
    1.0758779048919678,
    0.9020465612411499,
    0.8670547604560852,
    0.8498261570930481,
    0.8454793691635132,
    0.775593101978302
  ]
}