{
  "accuracy": [
    0.4779599905014038,
    0.6604599952697754,
    0.7241799831390381,
    0.7636600136756897,
    0.7976199984550476,
    0.8295800089836121
  ],
  "loss": [
    1.4665127992630005,
    0.9840571880340576,
    0.7992851734161377,
    0.6829231381416321,
    0.581383466720581,
    0.48901471495628357
  ],
  "val_accuracy": [
    0.6229000091552734,
    0.6898000240325928,
    0.6913999915122986,
    0.7186999917030334,
    0.7226999998092651,
    0.7218000292778015
  ],
  "val_loss": [
    1.0836297273635864,
    0.8960391879081726,
    0.9056373238563538,
    0.8511795997619629,
    0.8553339838981628,
    0.891584575176239
  ]
}