{
  "accuracy": [
    0.49042999744415283,
    0.6426799893379211,
    0.70305997133255,
    0.7435700297355652,
    0.7824400067329407,
    0.8120700120925903
  ],
  "loss": [
    1.435546875,
    1.01459538936615,
    0.8499203324317932,
    0.7292379140853882,
    0.6175494194030762,
    0.5295658707618713
  ],
  "val_accuracy": [
    0.5604000091552734,
    0.6370999813079834,
    0.6604999899864197,
    0.6723999977111816,
    0.6753000020980835,
    0.6782000064849854
  ],
  "val_loss": [
    1.2454040050506592,
    1.0408121347427368,
    1.0135393142700195,
    0.9923694133758545,
    1.033204436302185,
    1.1238031387329102
  ]
}