{
  "accuracy": [
    0.4812900125980377,
    0.6240699887275696,
    0.6787400245666504,
    0.71875,
    0.7516999840736389,
    0.779420018196106
  ],
  "loss": [
    1.4648780822753906,
    1.0701876878738403,
    0.9176095128059387,
    0.8042504787445068,
    0.7102290391921997,
    0.628046452999115
  ],
  "val_accuracy": [
    0.5472000241279602,
    0.6259999871253967,
    0.6283000111579895,
    0.6651999950408936,
    0.6668000221252441,
    0.6625000238418579
  ],
  "val_loss": [
    1.3249844312667847,
    1.0931247472763062,
    1.0956344604492188,
    0.9979783296585083,
    1.0225162506103516,
    1.1014834642410278
  ]
}