{
  "accuracy": [
    0.48201000690460205,
    0.6294999718666077,
    0.6840900182723999,
    0.7251600027084351,
    0.7590500116348267,
    0.7885100245475769
  ],
  "loss": [
    1.4671939611434937,
    1.0571253299713135,
    0.9007087349891663,
    0.7832914590835571,
    0.6857824921607971,
    0.6017124056816101
  ],
  "val_accuracy": [
    0.5620999932289124,
    0.6352999806404114,
    0.657800018787384,
    0.6747000217437744,
    0.6607000231742859,
    0.6473000049591064
  ],
  "val_loss": [
    1.244763731956482,
    1.0500261783599854,
    1.0072553157806396,
    0.966727614402771,
    1.0314536094665527,
    1.1645700931549072
  ]
}