{
  "accuracy": [
    0.4828000068664551,
    0.656499981880188,
    0.7105600237846375,
    0.7414000034332275,
    0.7681800127029419,
    0.7836400270462036
  ],
  "loss": [
    1.4502452611923218,
    0.9939813017845154,
    0.8389260768890381,
    0.7485353946685791,
    0.6772066950798035,
    0.623141348361969
  ],
  "val_accuracy": [
    0.6007000207901001,
    0.67330002784729,
    0.7095000147819519,
    0.732699990272522,
    0.7354999780654907,
    0.7429999709129333
  ],
  "val_loss": [
    1.1355869770050049,
    0.9447289109230042,
    0.841485857963562,
    0.7812420725822449,
    0.7704203128814697,
    0.7593151330947876
  ]
}