{
  "experiment": "color_baseline",
  "repeat": 1,
  "grayscale": false,
  "augment": false,
  "offline_augmented": false,
  "epochs": 6,
  "batch_size": 32,
  "val_acc": 0.7439000010490417,
  "val_loss": 0.8732168078422546,
  "train_time_sec": 236.194739818573,
  "cpu_mem_train_MB": 2152.9375,
  "inf_time_cpu_sec": 0.04250799417495728,
  "inf_mem_cpu_MB": 2112.30703125,
  "model_params": 591274
}