{
  "experiment": "color_on_gray_test",
  "repeat": 1,
  "grayscale": false,
  "augment": false,
  "offline_augmented": false,
  "epochs": 6,
  "batch_size": 32,
  "val_acc": 0.6844000220298767,
  "val_loss": 1.0854099988937378,
  "train_time_sec": 230.32888317108154,
  "cpu_mem_train_MB": 1031.71875,
  "inf_time_cpu_sec": 0.04413779973983765,
  "inf_mem_cpu_MB": 886.01875,
  "model_params": 591274
}