{
  "experiment": "color_on_gray_test",
  "repeat": 2,
  "grayscale": false,
  "augment": false,
  "offline_augmented": false,
  "epochs": 6,
  "batch_size": 32,
  "val_acc": 0.6484000086784363,
  "val_loss": 1.277018427848816,
  "train_time_sec": 231.13531613349915,
  "cpu_mem_train_MB": 1140.9375,
  "inf_time_cpu_sec": 0.0435461163520813,
  "inf_mem_cpu_MB": 1208.70390625,
  "model_params": 591274
}