{
  "experiment": "color_baseline",
  "repeat": 2,
  "grayscale": false,
  "augment": false,
  "offline_augmented": false,
  "epochs": 6,
  "batch_size": 32,
  "val_acc": 0.7247999906539917,
  "val_loss": 1.0039591789245605,
  "train_time_sec": 235.1973009109497,
  "cpu_mem_train_MB": 2176.421875,
  "inf_time_cpu_sec": 0.04109492301940918,
  "inf_mem_cpu_MB": 2180.0375,
  "model_params": 591274
}