{
  "experiment": "grayscale_baseline",
  "repeat": 2,
  "grayscale": true,
  "augment": false,
  "offline_augmented": false,
  "epochs": 6,
  "batch_size": 32,
  "val_acc": 0.7145000100135803,
  "val_loss": 0.9942310452461243,
  "train_time_sec": 229.63193488121033,
  "cpu_mem_train_MB": 1118.609375,
  "inf_time_cpu_sec": 0.042427992820739745,
  "inf_mem_cpu_MB": 1161.6015625,
  "model_params": 590698
}