{
  "experiment": "grayscale_aug",
  "repeat": 1,
  "grayscale": true,
  "augment": true,
  "offline_augmented": false,
  "epochs": 6,
  "batch_size": 32,
  "val_acc": 0.28200000524520874,
  "val_loss": 2.908281087875366,
  "train_time_sec": 248.4836118221283,
  "cpu_mem_train_MB": 947.90625,
  "inf_time_cpu_sec": 0.057532739639282224,
  "inf_mem_cpu_MB": 853.69375,
  "model_params": 590698
}