{
  "experiment": "grayscale_aug_on_color_test",
  "repeat": 2,
  "grayscale": true,
  "augment": true,
  "offline_augmented": false,
  "epochs": 6,
  "batch_size": 32,
  "val_acc": 0.7383999824523926,
  "val_loss": 0.775593101978302,
  "train_time_sec": 232.87543511390686,
  "cpu_mem_train_MB": 1113.953125,
  "inf_time_cpu_sec": 0.041167259216308594,
  "inf_mem_cpu_MB": 1176.88125,
  "model_params": 590698
}