{
  "experiment": "grayscale_on_color_test",
  "repeat": 1,
  "grayscale": true,
  "augment": false,
  "offline_augmented": false,
  "epochs": 6,
  "batch_size": 32,
  "val_acc": 0.7218000292778015,
  "val_loss": 0.891584575176239,
  "train_time_sec": 232.14821600914001,
  "cpu_mem_train_MB": 1151.890625,
  "inf_time_cpu_sec": 0.043265461921691895,
  "inf_mem_cpu_MB": 1218.1640625,
  "model_params": 590698
}