{
  "experiment": "grayscale_on_color_test",
  "repeat": 2,
  "grayscale": true,
  "augment": false,
  "offline_augmented": false,
  "epochs": 6,
  "batch_size": 32,
  "val_acc": 0.7145000100135803,
  "val_loss": 0.9942310452461243,
  "train_time_sec": 231.30343914031982,
  "cpu_mem_train_MB": 1094.546875,
  "inf_time_cpu_sec": 0.04299758672714234,
  "inf_mem_cpu_MB": 1164.25234375,
  "model_params": 590698
}