{
  "experiment": "grayscale_aug_on_color_test",
  "repeat": 1,
  "grayscale": true,
  "augment": true,
  "offline_augmented": false,
  "epochs": 6,
  "batch_size": 32,
  "val_acc": 0.28200000524520874,
  "val_loss": 2.908281087875366,
  "train_time_sec": 230.30285000801086,
  "cpu_mem_train_MB": 1035.203125,
  "inf_time_cpu_sec": 0.04517449140548706,
  "inf_mem_cpu_MB": 1086.5859375,
  "model_params": 590698
}