{
  "experiment": "grayscale_on_color_test",
  "repeat": 0,
  "grayscale": true,
  "augment": false,
  "offline_augmented": false,
  "epochs": 6,
  "batch_size": 32,
  "val_acc": 0.7161999940872192,
  "val_loss": 0.9667755961418152,
  "train_time_sec": 221.63124775886536,
  "cpu_mem_train_MB": 1162.171875,
  "inf_time_cpu_sec": 0.04094418287277222,
  "inf_mem_cpu_MB": 1215.91953125,
  "model_params": 590698
}