{
  "experiment": "grayscale_aug",
  "repeat": 2,
  "grayscale": true,
  "augment": true,
  "offline_augmented": false,
  "epochs": 6,
  "batch_size": 32,
  "val_acc": 0.7383999824523926,
  "val_loss": 0.775593101978302,
  "train_time_sec": 252.72570395469666,
  "cpu_mem_train_MB": 976.765625,
  "inf_time_cpu_sec": 0.04482589960098267,
  "inf_mem_cpu_MB": 944.5390625,
  "model_params": 590698
}