{
  "experiment": "grayscale_aug",
  "repeat": 0,
  "grayscale": true,
  "augment": true,
  "offline_augmented": false,
  "epochs": 6,
  "batch_size": 32,
  "val_acc": 0.7429999709129333,
  "val_loss": 0.7593151330947876,
  "train_time_sec": 250.32948994636536,
  "cpu_mem_train_MB": 751.53125,
  "inf_time_cpu_sec": 0.04696811437606811,
  "inf_mem_cpu_MB": 734.07890625,
  "model_params": 590698
}