{
  "experiment": "grayscale_baseline",
  "repeat": 0,
  "grayscale": true,
  "augment": false,
  "offline_augmented": false,
  "epochs": 6,
  "batch_size": 32,
  "val_acc": 0.7161999940872192,
  "val_loss": 0.9667755961418152,
  "train_time_sec": 236.36674308776855,
  "cpu_mem_train_MB": 1143.0625,
  "inf_time_cpu_sec": 0.041534793376922605,
  "inf_mem_cpu_MB": 1159.74609375,
  "model_params": 590698
}