{
  "experiment": "grayscale_offline_aug_100k",
  "repeat": 0,
  "grayscale": false,
  "augment": false,
  "offline_augmented": true,
  "epochs": 6,
  "batch_size": 32,
  "val_acc": 0.6782000064849854,
  "val_loss": 1.1238031387329102,
  "train_time_sec": 675.2459499835968,
  "cpu_mem_train_MB": 1124.515625,
  "inf_time_cpu_sec": 0.04191857576370239,
  "inf_mem_cpu_MB": 1163.60859375,
  "model_params": 590698
}